Name,Link,Participants
N¬∞1 Crypto Promoter ‚úÖ,tg://resolve?domain=airdropworldnumber1,2100000
Crypto Promotions N¬∞1 üèÜ,tg://resolve?domain=airdropbiggest,2000000
Pumpcoinbets NFT & Crypto Gems üíéüìà,tg://resolve?domain=pumpcoinbets,1790000
Official Airdrop6,tg://resolve?domain=airdrop6officialchannel,1460000
Official Pumps üöÄ,tg://resolve?domain=crypto_pumps_signal_binance,1300000
Airdrop365,tg://resolve?domain=airdrop365official,1130000
CryptoPromotion N¬∞1 üöÄ,tg://resolve?domain=airdropscinema,1050000
CryptoPromoZone ‚úÖ,tg://resolve?domain=airdropsamazing,1020000
CryptoPromotionHub üü†,tg://resolve?domain=airdropvisuals,1010000
x100 Crypto Projects üöÄ,tg://resolve?domain=airdropseyes,699290
CryptoAdVortex üåå,tg://resolve?domain=airdropspoiler,621300
ICO SPEAKS NEWS,tg://resolve?domain=icospeaksnews,601380
AdvertiseCryptoBounty ü•á,tg://resolve?domain=airdropsx1000,482170
Bitcoin Industry,tg://resolve?domain=bitcoin_industry,469270
Btc champ,tg://resolve?domain=btcchamp,439150
Binance Crypto Pumps Signals,tg://resolve?domain=big_pumps_signals_global,421670
IEO POOLS,tg://resolve?domain=ieopools,402460
Airdrop 24/7,tg://resolve?domain=airdrop247official,341130
Crypto Retro,tg://resolve?domain=crypto_retro,331200
CryptoPromoBlast üí¶,tg://resolve?domain=airdropsdesktop,220410
Biggest Crypto Pump Channel,tg://resolve?domain=biggestcryptopumpchannel,203350
Crypto Fight,tg://resolve?domain=crypto_fight,197900
MYC SIGNALS,tg://resolve?domain=myc_signals_crypto,195950
Crypto –ØR,tg://resolve?domain=cryptorrofficail,195620
Crypto Sale,tg://resolve?domain=wow_crypto_sale,193360
Crypto Lake,tg://resolve?domain=crypto_lake,190060
Airdrop Factory,tg://resolve?domain=airdropsfactory,189450
Crypto Pump Signals,tg://resolve?domain=cryptocurrency_pump_signals,183830
Token Map,tg://resolve?domain=maptoken,183010
Binance Futures Liquidations,tg://resolve?domain=binancefutures_liquidations,173900
BTC Trunk,tg://resolve?domain=btctrunk,173150
News Center,tg://resolve?domain=newscenterchannel,161200
Cointelegraph,tg://resolve?domain=cointelegraph,135880
GARY GOLD TRADER,tg://resolve?domain=garythetrader0,133500
Moneta Markets (free signals),tg://resolve?domain=moneta_signals,128150
Gimme The Coin,tg://resolve?domain=getcoinit,124190
Crypto Land,tg://resolve?domain=socryptoland,122300
Satoshi CLU‚Çø,tg://resolve?domain=toshi_club,119630
Islamic Coin Official Channel,tg://resolve?domain=islamic_coin,118540
Crypto LVL,tg://resolve?domain=crypto_lvl,116860
Alex Friedman | Best Crypto Signals 97% WIN Rate,tg://resolve?domain=alexfriedmanofficial,105130
Blockchain Whispers ¬Æ Official (By D Man) -- The Most Amazing Crypto Channel Ever Created By Mankind!,tg://resolve?domain=blockchainwhispersbaby,91730
Bitcoin,tg://resolve?domain=bitcoin,91620
American Crypto¬©,tg://resolve?domain=americancryptotrading,91350
Whale Alert,tg://resolve?domain=whalealertchannel,91260
Top9Ico Where to Invest,tg://resolve?domain=top9icolist,90450
Hurry Krypton,tg://resolve?domain=hurry_krypton,88800
Cash Science¬Æ,tg://resolve?domain=cash_science,88730
CoinQuest,tg://resolve?domain=coin_quest,87520
Crypto Portal,tg://resolve?domain=crypto_portal,85520
GameFi,tg://resolve?domain=gamefi_launches,84660
Droppers of btc,tg://resolve?domain=drop_bitcoin,83360
Crypto Trading Club,tg://resolve?domain=crypto_trading_club,82790
Blockchain Progress,tg://resolve?domain=easy_blockchaine,82590
Bitcoin Magazine,tg://resolve?domain=bitcoin_magazine,81830
DeFi Updates,tg://resolve?domain=defi_updates,80810
GildCoin - Crypto News,tg://resolve?domain=gildcoin,79970
Crypto World Analysis,tg://resolve?domain=cryptoworldanalysis,77530
Crypto Push,tg://resolve?domain=crypto_push,75640
Binance NFTs,tg://resolve?domain=nancenfts,74100
Ô∏èEthereum Merge Ô∏è,tg://resolve?domain=ethereum_merge,73630
Crypto Fear & Greed Index,tg://resolve?domain=cryptofearandgreedindex,73540
Crypto Jokes,tg://resolve?domain=cryptojokesmemes,73050
Nfts / Metaverse & More,tg://resolve?domain=defi_trading_nfts_metaverse,71570
BTC + ETH and NFTs,tg://resolve?domain=bitcoin_ethereum_metaverse_nfts,68670
CryptoTastic,tg://resolve?domain=crypto_tastic,62920
Airdrop Metal‚Ñ¢,tg://resolve?domain=airdropmetal,62610
GAIN VISION 100MILLIONS,tg://resolve?domain=gainvision100millions,61550
Binance Academy,tg://resolve?domain=binanceacademyresources,60260
Crypto Makki,tg://resolve?domain=cryptomakki,59000
Marketing ProCrypto üíØ,tg://resolve?domain=airdrop_procrypto_promotion,58750
NFT's & Metaverse Updates,tg://resolve?domain=metaverse_crypto_web3_gamefi,57970
Sir Man Gold Hunter,tg://resolve?domain=sir_mangoldhunter,56950
‚Ä¢ CRYPTO NEWS ‚Ä¢ #BTC ‚Ä¢ #ETH ‚Ä¢,tg://resolve?domain=crypto_news_bitcoin_ethereum,55050
KISHU INU | $KISHU Entry Portal,tg://resolve?domain=kishuinucommunity,54710
CryptoPromoMax üíé,tg://resolve?domain=airdropcryptolibraryads,53770
Trading and Investment announcement,tg://resolve?domain=tradeandinvest_ann,53770
Premium Crypto Trading Signals,tg://resolve?domain=premium_trading_crypto_signals,53300
Futures Entry¬Æ ( Futures/Spot ),tg://resolve?domain=futurentry,53110
NFTLaunch,tg://resolve?domain=nft_launches,48900
Airdrops/NFT/Bets/PreSales,tg://resolve?domain=airdrop_crypto_ads_bets_ico,48010
Waqar Zaka Private Group,tg://resolve?domain=waqarzaka019,47870
CRYPTO SEKTA,tg://resolve?domain=crypto_sekta,47750
Wise Crypto,tg://resolve?domain=secrypto_chat,46300
Metaverse ‚Ä¢ DeFi ‚Ä¢ NFTs,tg://resolve?domain=nfts_defi_metaverse_news,45860
ICO Drops - ICO News & Alerts,tg://resolve?domain=ico_drop,45640
Binance Mafia,tg://resolve?domain=binancemafia,44950
Hero Arena Announcement,tg://resolve?domain=heraannouncement,43970
PromoterHub üü†,tg://resolve?domain=airdrops_ads_crypto_ico,43640
WHALE ALERTS,tg://resolve?domain=whalealertschannel,43180
Crypto Projects (Airdrops/NFT/Bets/PreSales),tg://resolve?domain=airdrop_crypto_ads_bets,42740
AdvertisingCryptoprojects üíé,tg://resolve?domain=advertisingcryptoprojects,41870
CryptoProfitAds üü¢,tg://resolve?domain=cryptoprofitzoneads,41520
Tokocrypto Official Channel,tg://resolve?domain=tokocryptoexchange,40900
CryptoPromoSolutions üìà,tg://resolve?domain=cryptopromosolutions,40880
Daily crypto signals,tg://resolve?domain=dailycryptosignals_pro,40810
BitPromoZone üí¢,tg://resolve?domain=officialairdropscryptoads,40730
Ô∏èCrypto Ô∏èNfts Ô∏èMetaverse,tg://resolve?domain=crypto_nfts_metaverse,40140
PromotionRevolution üî•,tg://resolve?domain=promotioncryptorevolution,40120
AdsCryptoNinja ü•∑,tg://resolve?domain=adscryptoninja,39860
PromoCryptoFortune üí∞,tg://resolve?domain=promocryptofortune,38880
Whale Sniper,tg://resolve?domain=whale_snipers,38690
Cefion | Blockchain | NFTs | Metaverse,tg://resolve?domain=cefion,38470
CryptoHypePromo üöÄ,tg://resolve?domain=cryptohypepromo,38310
PromotionEuphoria üí¢,tg://resolve?domain=promotioncryptoeuphoria,38230
AdvertiseCryptoPros üíØ,tg://resolve?domain=advertisecryptopros,37650
CryptoBitca,tg://resolve?domain=cryptobitca,37440
CryptoAdsInnovators üöÄ,tg://resolve?domain=cryptopromoinnovators,37400
PromotorWhale üêã,tg://resolve?domain=advertisecryptowhale,36850
KardiaChain Official,tg://resolve?domain=rdiachain,36220
CryptoPromoAccelerator Ô∏èüèéÔ∏è,tg://resolve?domain=cryptopromoaccelerator,36100
IEO POOLS : Trading and investment news,tg://resolve?domain=tradingannouncement,35770
Amazing Crypto Projects üíØ,tg://resolve?domain=airdrop_crypto_bets_ads,35620
Crypto Shake,tg://resolve?domain=crypto_shakes,35350
CryptoProsPromos üöÄ,tg://resolve?domain=airdrop_cryptobets,34660
CryptoPromoProfit ‚úÖ,tg://resolve?domain=cryptopromoprofit,34600
CryptoAdvertisingTitans üí™,tg://resolve?domain=cryptoadvertisingtitans,34080
CryptoPromoHype üî•,tg://resolve?domain=airdrops_crypto_moon,33830
Binance Pumps Tracker,tg://resolve?domain=binance_pumps_tracker,33780
Solve.Care,tg://resolve?domain=lvecare,32710
Binance Liquidations,tg://resolve?domain=binance_liquidations_alert,32549
Bitcoin Analytics.,tg://resolve?domain=cryptoinsightsandanalysis,32450
CryptoCoin Post,tg://resolve?domain=cryptocoinpost,32340
AdvertiseCryptoGains üí∏,tg://resolve?domain=advertisecryptogains,32070
CryptoPromoProdigy üß†,tg://resolve?domain=cryptopromoprodigy,32060
AXEL,tg://resolve?domain=elnetwork,32009
FOREXGOLDSIGNALS,tg://resolve?domain=forexgold457,31340
News.Bitcoin.com,tg://resolve?domain=www_bitcoin_com,31140
BitSquad - Crypto Chat,tg://resolve?domain=tsquad,30480
PromotionCryptoEmpire üëë,tg://resolve?domain=promotioncryptoempire,30100
CryptoPromoRevolution,tg://resolve?domain=airdrops_ico_crypto,30020
Rocket Wallet Signals,tg://resolve?domain=rocketwallet_official,29340
Crypto Investment,tg://resolve?domain=crypt_investment,28280
Top 7 ICO,tg://resolve?domain=top7ico,27830
ZKTMETA Official Main Group,tg://resolve?domain=tubeprotocol,27630
"GOLD, CRYPTO, FOREX, BITCOIN & STOCK INVESTMENT",tg://resolve?domain=crypto_bitcoin_investment_trader,27450
CoinBoostAdvertising üìà,tg://resolve?domain=airdrops_crypto_phone,27140
"ICO - news, reviews, articles",tg://resolve?domain=cryptocoinpostico,26410
STORM GAIN‚Ñ¢Ô∏è,tg://resolve?domain=storm_gain_signals,26210
CryptoAdvertiseXpert,tg://resolve?domain=crypto_bets_coins_airdrops,26010
CoinStats Chat,tg://resolve?domain=instatsapp,25920
Mycryptopedia,tg://resolve?domain=mycryptopedia,25810
[Channel] Galactic Union,tg://resolve?domain=galacticunionnews,25800
Coincentervn.com Tin T·ª©c,tg://resolve?domain=coincentervnchanel,25790
BINARY ADVANCE SIGNALS(ALL BROKERS),tg://resolve?domain=waliullahtrader3355,25390
The Wolf Of Few Streets,tg://resolve?domain=thewolfoffewstreets,25330
CryptoJournal,tg://resolve?domain=newcryptojournal,25310
CryptoAdvertisingBoost üèÅ,tg://resolve?domain=cryptoadvertisingboost,25170
Crypto Gems,tg://resolve?domain=cryptogems555,25020
Crypto News Trade,tg://resolve?domain=crypto_newtrade,24980
CryptoPromotionElite üíØ,tg://resolve?domain=airdrops_crypto_fire,24300
News Crypto currency. ICO.,tg://resolve?domain=coincryptonewsico,24150
CryptoMoonAds üåô,tg://resolve?domain=cryptomoonads,24070
Crypto Bubble,tg://resolve?domain=crypto_bubblez,23910
Altcenter signals,tg://resolve?domain=altcenter,23860
Unmarshal Chat,tg://resolve?domain=marshal_chat,23470
Shibarium Network,tg://resolve?domain=shibariumnetwork,23240
PromotionGurus üî•,tg://resolve?domain=cryptoprojectsadspromotions,22700
Altcoin Holder,tg://resolve?domain=holder_of_altcoins,22570
Íú±·¥°…™Íú∞·¥õ ·¥Ä…™ Ä·¥Ö Ä·¥è·¥òÍú±,tg://resolve?domain=swift_airdrops,22210
Jaguar Crypto Signals | Btc Eth Usdt Shiba Doge Luna NFT,tg://resolve?domain=crypto_jaguar_family,22060
SpecialPromotions ‚≠ê,tg://resolve?domain=airdropsx100,22010
Hotbit Pump Signal,tg://resolve?domain=hotbit_pump_english,21890
Trading Crypto Indians‚Ñ¢,tg://resolve?domain=tradingcryptoindians,21880
ToTheMoon,tg://resolve?domain=hamstersintobulls,21750
Airdropp_io,tg://resolve?domain=airdropp_io,21420
NFTviewers,tg://resolve?domain=nftviewers,21260
Crypto Advertise & News üî•,tg://resolve?domain=cryptoadvertisenews,21010
GoldPesa | We Never DM First,tg://resolve?domain=ldpesaofficial,20840
Wavesnews and Announcements,tg://resolve?domain=wavesnews,20350
CryptoAdvertisingHub üü†,tg://resolve?domain=airdrops_crypto_galaxy,20000
SIGNAL,tg://resolve?domain=finsignal,19870
NFT mamiüßö‚Äç‚ôÄÔ∏è,tg://resolve?domain=metastari,19400
Masson Crypto Pump Billionaires,tg://resolve?domain=billionairemasonofficial,19200
Pundi X Official | English,tg://resolve?domain=ndix,19010
Crypto Sliv Alliance,tg://resolve?domain=crypto_sliv_alliance,18580
Runnow.io Official Channel,tg://resolve?domain=runnowofficial,18500
Crypto Ads Pro üìà,tg://resolve?domain=cryptoadsproico,18440
Signals,tg://resolve?domain=signalsfromcryptojournal,18150
MetaSpace,tg://resolve?domain=taspace_metaverse,18020
Jaguar Crypto Trading,tg://resolve?domain=jaguar_crypto_signals,17900
Whale Tracker Chat,tg://resolve?domain=ale_tracker,17820
Bitstamp_Trading Signal & Exchange,tg://resolve?domain=bitstamp_signalexchange,17490
ùë≥ùíñùíÑùíäùíáùíÜùíì ùëªùíìùíÇùíÖùíÜùíì,tg://resolve?domain=lucifertraders,17240
Crypto Alerts,tg://resolve?domain=cryptoalerts,17210
Wuu Worlds,tg://resolve?domain=uofficial,17190
Katana Inu,tg://resolve?domain=tanainu,17180
Crypto | Bitcoin | Shorts,tg://resolve?domain=crypto_shortnews,17170
GOLD FX SIGNALS,tg://resolve?domain=gold_fx_signalls,17060
CoinAdvertiseZone üöÄ,tg://resolve?domain=airdrop_gems_crypto_official,17010
CRYPTOGALACTIC,tg://resolve?domain=cryptogalactic,16590
Pro Analysis,tg://resolve?domain=proanalysistrader,16290
CryptoPromoAgency üöÄ,tg://resolve?domain=cryptopromoagencyicos,16090
Projects x100 üî•,tg://resolve?domain=cryptopromotionofficialairdrop,16010
LuxeCoin,tg://resolve?domain=luxecoin,15990
WavesPlatform,tg://resolve?domain=vescommunity,15970
Crypto Advertise üíé,tg://resolve?domain=cryptoprojectsadvertise,15830
SignalProForex FREE Group,tg://resolve?domain=signalproforexfree,15670
AIRDROPS BOSS,tg://resolve?domain=airdropsboss,15510
BEST Signals,tg://resolve?domain=bestsignalsbtc,15360
3Commas.io,tg://resolve?domain=commas,15350
Binance Trading,tg://resolve?domain=binancebitcointradingus,14920
ICO & Crypto Ads üìà,tg://resolve?domain=icoandcryptoads,14660
EMPIRE TRADING SIGNALS,tg://resolve?domain=empire_tradingsignals,14470
GOLD FOREX SIGNALS,tg://resolve?domain=gold_forex_signals22,14340
Crypto Gainers,tg://resolve?domain=cryptogainers22,14250
ICO Projects Marketing üìà,tg://resolve?domain=icoprojectsmarketing,14210
Premium crypto signals,tg://resolve?domain=cryptoninzapro,14200
SuperPromos Crypto üíé,tg://resolve?domain=airdrop_bets_crypto_ads,14130
CRYPTO WOLFX SIGNALS,tg://resolve?domain=wolfxbillionaireteam,13900
Hit Pump Angels,tg://resolve?domain=hitpumpangels,13710
Crypto Ads Official üî•,tg://resolve?domain=cryptoadsofficialico,13560
Cash Blockchain News,tg://resolve?domain=cash_blockchain_news,13520
IceCoin,tg://resolve?domain=ice_coin,13490
VENTUREFX Group Signals,tg://resolve?domain=nturefxsgroup,13380
Retroactive Airdrop Channel,tg://resolve?domain=retroactiveairdropchannel,13380
Blockchain Promoter üí¢,tg://resolve?domain=blockchainpromotercrypto,13240
WorkQuest Official Group,tg://resolve?domain=rkquestchat,13020
TokenHolder,tg://resolve?domain=tokenholder,12890
Student Coin Chat,tg://resolve?domain=udentcoin,12790
Binance Pump Signals,tg://resolve?domain=biig_pumps_signals,12760
Stock options intraday calls,tg://resolve?domain=share_market8,12740
Trusted Airdrops‚Ñ¢,tg://resolve?domain=trustedairdropsss,12630
GOLD SIGNALS FX TRADING,tg://resolve?domain=gold_trading_signals76,12520
NFT Market,tg://resolve?domain=nftmc,12340
GemPad - The Community's Launchpad,tg://resolve?domain=egempad,12270
Free Crypto Signals on Telegram,tg://resolve?domain=btctradingclub,12150
Crypto Ads World üåç,tg://resolve?domain=cryptoadsworlds,12120
CryptoAdsKings üëë,tg://resolve?domain=crypto_news_librarys_airdrop,12010
GOLD TRADING SIGNALS,tg://resolve?domain=gold_trading_signal1,11940
Investment & Trading Updates,tg://resolve?domain=investmenttradingupdates,11920
Chill Crypto | News,tg://resolve?domain=chillcrypto,11920
Binance Research,tg://resolve?domain=binanceresearch,11890
Crypto Signals & Automated Trading Bot,tg://resolve?domain=cryptosignalalert,11720
GOLD FOREX SIGNALS (FREE),tg://resolve?domain=gold_fx_signalss,11680
BUSD miner,tg://resolve?domain=sdminer7,11420
GamerHash Official,tg://resolve?domain=merhashofficial,11410
Crypto Rocket,tg://resolve?domain=cryprocket,11300
Crypto Promotions üöÄ,tg://resolve?domain=cryptoprojectspromotions,11230
REVOLUTION TRADING SIGNALS,tg://resolve?domain=revolutiontradingsignals,11180
Legend calls,tg://resolve?domain=legendcall,11020
Top DeFi,tg://resolve?domain=top_defi,10990
Global Pump Signals (Gate.io),tg://resolve?domain=globalsignalsofficial,10670
Crypto Since 2014,tg://resolve?domain=cryptosignalsusa,10580
Gold_Master_Killer,tg://resolve?domain=gold_master_killer,10550
Ternoa EN,tg://resolve?domain=rnoa,10500
Comedian,tg://resolve?domain=mediancoinofficial,10480
BINANCE CRYPTO PUMP ¬Æ‚Ñ¢,tg://resolve?domain=binancecryptopu,10290
Binance Info,tg://resolve?domain=nance_info_english,10190
Signal Futures Crypto,tg://resolve?domain=coincoachs,10040
Marketing Crypto üöÄ,tg://resolve?domain=crypto_marketing_ads_promotion,10020
Margin Scalps PRO,tg://resolve?domain=marginscalpspro,9950
FOREX TRADING BINARY,tg://resolve?domain=forex_trading_7,9880
Drop your NFTs,tg://resolve?domain=op_your_nfts,9830
DeCenter ‚Äì Blockchain and Bitcoin,tg://resolve?domain=ethereumt,9810
Crypto Greatness,tg://resolve?domain=crypto_great,9790
Hotbit pump signals group,tg://resolve?domain=tbit_trading_pumps,9630
LEARN- -AND- -EARN ‚Ñ¢Ô∏è,tg://resolve?domain=ez_learn2earn,9490
Mega Signals,tg://resolve?domain=megasignalsgroup,9450
üÖ≤üÖ∞üÖøüÖ∏üÜÉüÖ∞üÖª üÜÉüÜÅüÖ∞üÖ≥üÖ¥ üÖµüÖæüÜÅüÖ¥üÜá,tg://resolve?domain=ld1_786,9400
Non-fungible token,tg://resolve?domain=nonfungiblenews,8970
FTX Whales Crypto Signals,tg://resolve?domain=ftx_whales,8690
Trade In Wallstreet (Forex),tg://resolve?domain=adeinwalstreet,8670
AIRDROP BULL,tg://resolve?domain=airdropbulll,8590
CRYPTO ARMY - Signals,tg://resolve?domain=cryptoarmysignals,8570
CryptoTrade1¬Æ,tg://resolve?domain=cctrade1,8560
DeFi Check,tg://resolve?domain=defickeck,8510
FOREX RANKER,tg://resolve?domain=forexranker,8460
Pump Portal,tg://resolve?domain=mpportai,8160
BINAREX SIGNALS,tg://resolve?domain=binarex_vs,8150
Crypto Bull Bitmex Experts,tg://resolve?domain=bitmexcourses,8070
Airdrop Masters‚Ñ¢,tg://resolve?domain=airdropmastersss,7970
Whalepool #longterminvestors,tg://resolve?domain=alepoolbtc,7930
Crypto Hero TA¬Æ (…É),tg://resolve?domain=cryptoherota,7840
FMCPAY Global,tg://resolve?domain=cpayglobalchat,7770
DxSale (DXSALE.APP- DM),tg://resolve?domain=sale,7770
Propheta Indicator Signals,tg://resolve?domain=propheta_indicator,7710
Pump-Bot Channel Binance Futures,tg://resolve?domain=binance_futures_pump_bot_channel,7690
Crypto Bullish,tg://resolve?domain=cbullishsignal,7460
"Blockchain Headhunter - Jobs, Careers & Education in Blockchain, Cryptocurrency, Bitcoin, Ethereum, DeFi, Fintech",tg://resolve?domain=ockchain_headhunter,7390
Bitspawn Protocol,tg://resolve?domain=tspawnprotocol,7340
FORISE GLOBAL SIGNALS,tg://resolve?domain=forisesignal,7310
Trading King Tips Bitmex Edition,tg://resolve?domain=tradingkingtips,7290
Ancient Raid Community,tg://resolve?domain=cientraid,7250
Sweden_Crypto Whales¬Æ,tg://resolve?domain=cryptosignalsandanalyse,7230
Wall Street Trader ICO Pool & NEWS,tg://resolve?domain=icopoolwallstreet,7180
Bitcoin FX Group Chat,tg://resolve?domain=ebitcoinfxgroup,7150
Cryptocurrencies Channel,tg://resolve?domain=cryptocurrency,7000
CoinEx Trade Signals,tg://resolve?domain=coinextradesignals,6980
BULLISH¬Æ classified Ô∏è,tg://resolve?domain=bullishclassified,6930
Bitcoinist.com News,tg://resolve?domain=bitcoinistnews,6840
Pro Positive Traders‚Ñ¢,tg://resolve?domain=pro_positive,6770
ROSE CRYPTO SIGNALS,tg://resolve?domain=rosecryptosignal1,6750
FXStreet Crypto News,tg://resolve?domain=fxstreetcrypto,6700
AI Crypto Signals,tg://resolve?domain=ai_crypto_trading_signals,6680
Crypto Signals,tg://resolve?domain=crypto_signals_ch,6620
TONE VAYS CRYPTO PUMP SIGNALS,tg://resolve?domain=tonevaysondemand,6560
We take off (Binance Futures),tg://resolve?domain=r050x,6560
Kucoin Hotbit Crypto Pump Signals,tg://resolve?domain=kucoin_binance_pump_signals,6560
JB_FUTURETRADER,tg://resolve?domain=jbfuturetrader,6550
CoinLegs Signals,tg://resolve?domain=coinlegs,6460
Whales Signals,tg://resolve?domain=whalesignalsofficial,6330
BETHEL FUTURES SIGNAL'S,tg://resolve?domain=bethelfutures,6310
Crypto Signals | Pump House,tg://resolve?domain=insecret,6240
Octopus Calls‚Ñ¢,tg://resolve?domain=octopuscallss,6240
Bee Trader,tg://resolve?domain=freebeetrader,6210
First Crypto News,tg://resolve?domain=cryptosignalsandmarketanalyse,6170
Lucrosus Capital Chat,tg://resolve?domain=crosus_capital,6030
Next Earth Official,tg://resolve?domain=xtearth_chat,5970
Coinbaazar Official Group,tg://resolve?domain=inbaazar_exchange,5930
APPLE FAN METAVERSE‚Ñ¢ | Official,tg://resolve?domain=plefanmetaverse,5760
Cryptonews,tg://resolve?domain=cryptonews_official,5730
Crypto Signals | MPH‚Ñ¢,tg://resolve?domain=mphous,5610
BITCOINCHARITY TOKEN,tg://resolve?domain=ttcharity,5580
G.C.C.G.‚Ñ¢,tg://resolve?domain=cointrad,5530
3Commas Main Chat,tg://resolve?domain=mmunity_3commas,5460
Crypto Futures World Wide,tg://resolve?domain=join12222,5400
PancakeSwap Pumps,tg://resolve?domain=perpumpspancakeswap,5390
Aurus - Empowering precious metals,tg://resolve?domain=rusofficial,5300
Trading Signals & Education,tg://resolve?domain=tradingeducationpros,5290
Silent Notary,tg://resolve?domain=lentnotary,5260
Bitcoin Forex Signals,tg://resolve?domain=worldwidebitcointrading1,5250
MEG VIP FREE,tg://resolve?domain=megvipofficial,5240
CoinBis Official,tg://resolve?domain=coinbisofficial,5190
Airdrops Info,tg://resolve?domain=crypdrops,5150
DOUBLER INVESTMENT SITE,tg://resolve?domain=ublerinvestmentsite,5100
XinFin Updates [XDC][XDCE],tg://resolve?domain=xinfin,5090
Mining hardware hub,tg://resolve?domain=mininghardwarehub,5060
Pro Crypto News‚Ñ¢,tg://resolve?domain=procryptonews,5050
Forex Heist,tg://resolve?domain=forexheistteam,4970
üÖ±ITCOIN_TRADE_ACCOUNT_MANAGER,tg://resolve?domain=octafxtrading101,4930
GOLD SIGNALS,tg://resolve?domain=goldfx_signals23,4890
U¬∞Today,tg://resolve?domain=utoday_en,4800
JB_FUTURETRADER GROUP,tg://resolve?domain=futuretrader_group,4790
üéÆ DogRider ||üé© Secret Project 1000X Gem ||  Just wait and Watch it üëå,tg://resolve?domain=gridergroup,4750
Student Coin News,tg://resolve?domain=alkstudentcoin,4740
SHIP COIN GLOBAL SIGNALS,tg://resolve?domain=shipcoin_signals,4690
The Future of Cryptocurrency,tg://resolve?domain=futurecryptobusiness,4690
Today Moon Promotions,tg://resolve?domain=today_moon,4650
Gemocall,tg://resolve?domain=gemocall,4640
WEALTHTRADE247,tg://resolve?domain=wealthtrade247,4610
Bunny's Crypto Reviews ‚àÜ,tg://resolve?domain=bunnycalls,4490
MACRO Official Group,tg://resolve?domain=zzy_one,4480
- Social 3.0 NFT Marketplace,tg://resolve?domain=cialogue,4480
BlockSolFi Community,tg://resolve?domain=ocksolfi,4440
Mr. Scratch | Developer,tg://resolve?domain=seedminerpro,4390
Ontology Official Announcement,tg://resolve?domain=ontologyannouncements,4380
Blockchain Updates,tg://resolve?domain=blockchain_updatez,4350
Ninja Calls‚Ñ¢,tg://resolve?domain=ninjacallsss,4320
Mike Crypto Signals,tg://resolve?domain=mikevipcryptosignals,4280
Binance Pump Signals Progress,tg://resolve?domain=binancepumpsignlas,4190
Bitcoin channel,tg://resolve?domain=bitcoinchannel,4170
SWIFT TRADING SIGNALS,tg://resolve?domain=swifttradingsignals,4050
Crypto Memes,tg://resolve?domain=cryptomemeshub,4050
iCloud-TRX Official Channel,tg://resolve?domain=icloud_trxchannel,4050
Alpha Omega Coin Official,tg://resolve?domain=phaomegacoinofficial,4030
Crypto Hero TA¬Æ (…É) GROUP,tg://resolve?domain=yptoherotagroup,3970
Success Trade,tg://resolve?domain=successtrade_1,3930
GOLD FOREX TRADING,tg://resolve?domain=gold_forex_trading,3840
IQ PUMP,tg://resolve?domain=iqpump,3840
Bobcat Miner 300,tg://resolve?domain=bobcatminer300,3790
Vabble,tg://resolve?domain=bble,3760
DexKit,tg://resolve?domain=xkit,3680
1000x Hiddencryptogems,tg://resolve?domain=cryptopump_moonshots,3670
Bitmex Pro (Bot & Signals),tg://resolve?domain=freebitmexbot,3580
OKEx English,tg://resolve?domain=exofficial_english,3570
OKAirdrops,tg://resolve?domain=okairdrops,3550
GOLD TRADER SIGNALS,tg://resolve?domain=goldtradersignals12,3530
AirDrof,tg://resolve?domain=airdrofy,3520
TrumpCoin (DTC) - BSC,tg://resolve?domain=umpcoindtc,3430
Forex Pips Grabber Signals,tg://resolve?domain=forexpipsgrabberr,3370
ProtradeFx Ltd.,tg://resolve?domain=protradeforex,3370
AIrdrop World,tg://resolve?domain=airdropworld777,3310
Bunny Pump,tg://resolve?domain=bunnypump,3290
Crypto Arena,tg://resolve?domain=cryptoarena_1,3280
CryptoForce,tg://resolve?domain=cryptoforcegems,3270
Free Crypto Signals Spot . Ô∏è,tg://resolve?domain=freesignalscryptotrade,3230
[OFFICIAL]MetaBlox Community,tg://resolve?domain=atonmetabloxcommunity,3220
Crypto News & Trends,tg://resolve?domain=crypto_news_trends_en,3180
Froyo Games Announcement,tg://resolve?domain=froyogamesann,3160
Gems Calls‚Ñ¢,tg://resolve?domain=gemcallss,3120
Binance Futures Signals,tg://resolve?domain=getbinancefutures,3120
Futures Trading VSA BOT,tg://resolve?domain=ite_walkers_pulsechain,3050
Crypto Charters TA,tg://resolve?domain=cryptocharters,3050
CoinSutra,tg://resolve?domain=coinsutra,3040
Pump Crypto Group,tg://resolve?domain=no1cryptopumpgroup,2980
Retire at 35,tg://resolve?domain=retire_at_35,2900
Crypto Signals FREE Trial by Cryptocurrencysignal.com Crypto Signals,tg://resolve?domain=cryptosignalsfxpremiere,2890
crypto analysis,tg://resolve?domain=cryptoanalyticorn,2880
NewsBTC,tg://resolve?domain=newsbtcofficial,2870
Coin Nitro¬ÆÔ∏è,tg://resolve?domain=coin_nitrooo,2860
The Hawk Crypto,tg://resolve?domain=thehawkcrypto,2860
Vabble Announcements,tg://resolve?domain=vabbleannouncements,2850
Coinstox Global,tg://resolve?domain=instox,2810
Billionaire Trader,tg://resolve?domain=billionairetradersignal,2720
Pigletz Chat,tg://resolve?domain=gletznftchat,2690
Bitcoin Mining Machine,tg://resolve?domain=bitcoinminingrig_official,2650
Ethereum Gold Finance,tg://resolve?domain=g_official,2610
Airdrop Sultan,tg://resolve?domain=airdroplinkb,2600
Caspian Tech,tg://resolve?domain=spian_tech,2590
NexonNFT,tg://resolve?domain=xonnft,2570
Bitcoin Network,tg://resolve?domain=tnetwork,2550
Blue Star Finance Group,tg://resolve?domain=uestargroup,2540
Dextools Community - Crypto Pump Group,tg://resolve?domain=xtoolscommunitypump,2520
Profila Zero Knowledge Token Community,tg://resolve?domain=roknowledgetoken,2490
BlockSolFi News,tg://resolve?domain=blocksolfinews,2460
Elite Crypto Shillers,tg://resolve?domain=itecryptoshillers,2450
Gric Coin Farm Partner,tg://resolve?domain=iccoin1,2430
Lucrosus Capital,tg://resolve?domain=lucrosus_capital_ann,2380
CRYPTO TŒûCH SIGNALS¬Æ,tg://resolve?domain=cryptotech_signals,2370
Binance Billionaire,tg://resolve?domain=binancebillionaireclub,2370
Metaverse News,tg://resolve?domain=metaverseestonianews,2330
Hot Crypto Gems,tg://resolve?domain=tcryptogems,2310
Technical Analysis Headquarters,tg://resolve?domain=technical_analysis12,2290
Mecha Infinity Official Channel,tg://resolve?domain=mechainfinity,2250
Golden-Signalz ‚Ñ¢ bitmex/binance,tg://resolve?domain=goldensignalz,2230
Blockchain Networking Group,tg://resolve?domain=ockchainnetgroup,2200
Vusi Wealthsmith Forex Trading,tg://resolve?domain=forex_wealthsmith,2190
onwardbtc | simple trading,tg://resolve?domain=onwardbtc_official,2180
AlphaTradeZone¬Æ Group.,tg://resolve?domain=phatradezonegroups,2140
Dizzy Whale Calls,tg://resolve?domain=dizzywhalecalls,2130
Free Airdrops Lite,tg://resolve?domain=freeairdropslite,2090
Timpi (Official),tg://resolve?domain=mpime,2070
DAZZLE TUBER,tg://resolve?domain=dazzletube1,2070
Dexioprotocol Pilipinas,tg://resolve?domain=xioprotocolphilippines,2029
Extreme Hotbit Pumps,tg://resolve?domain=extremehotbitpumps,2009
FiboGann Mcx & Nse Analysis,tg://resolve?domain=fiboganmcx,2009
Holdefi Group,tg://resolve?domain=ldefigroup,2000
Bitslan Investing,tg://resolve?domain=tslaninvest,1990
SIGNALFOREX.EU(FREE),tg://resolve?domain=signalforex_eu_free,1960
GET Protocol,tg://resolve?domain=tprotocol,1960
Nearity | Discussion,tg://resolve?domain=arity,1950
aGifttoken Community,tg://resolve?domain=iftcommunity,1920
Bitcoin FX,tg://resolve?domain=thebitcoinfx,1910
imToken,tg://resolve?domain=token166,1900
Call Of Crypto,tg://resolve?domain=coc_pub,1890
Tachain,tg://resolve?domain=chain_en,1890
DoctorTradingTeam/(futures/sport signal) ‚Äç,tg://resolve?domain=futuresleo,1880
GEMZHUNTER,tg://resolve?domain=mz_hunter,1840
CYBEREIUM,tg://resolve?domain=cybereium,1830
BEST INVESTMENT BITCOIN,tg://resolve?domain=investment_bitcoin94,1830
AlphaTradeZone Group.,tg://resolve?domain=phatradezone_group_ta,1830
"PandaSale - Launchpad (BSC, ETH, CRO)",tg://resolve?domain=ndaecosystem,1810
Conceal Community,tg://resolve?domain=ncealnetworkusers,1800
BITCOIVA,tg://resolve?domain=bitcoiva,1800
Signals Crypto Futures,tg://resolve?domain=signalscryptofuture,1780
Penthouse Finance,tg://resolve?domain=nthousenft,1770
Airdrop Boss,tg://resolve?domain=airdropbossss,1750
Freebitco.in - Free Bitcoin,tg://resolve?domain=freebitcoin_free_bitcoin_btc,1740
ùë©ùíäùíèùíÇùíèùíÑùíÜ ùë≠ùíñùíïùíñùíìùíÜ ùë™ùíÇùíçùíçùíî ¬Æ,tg://resolve?domain=binancefutureofficial,1730
Vipkhoone Crypto Leak,tg://resolve?domain=vipkhoone,1730
ALL CRYPTO PREMIUM CHANNEL PROVIDER,tg://resolve?domain=cryptosignalsoriginal,1720
Whale Futures Signal LV.1 (LS Trading),tg://resolve?domain=ls_trading,1700
Sweetpad Official Channel,tg://resolve?domain=sweetpadofficial,1690
Airdrop Catalog Chat,tg://resolve?domain=rdropcatalogchat,1680
MeshNews,tg://resolve?domain=mesh_news,1670
Futures Heroes - Alerts,tg://resolve?domain=futurealerts,1640
AirSwap,tg://resolve?domain=rswap,1620
Airdrop Hunter,tg://resolve?domain=airdrophunterchannel1,1600
Airdrop Billionaires,tg://resolve?domain=airdrop_billionaires,1540
TraDove Global B2B Token Offer,tg://resolve?domain=adoveglobalb2btokenoffering,1540
Binance Smart Contract- Arbitrage Methods (Risk Free),tg://resolve?domain=nance_chain_official,1520
Smartoptions.io,tg://resolve?domain=smartoptionsio,1520
"Are Ya Shilling, Son?",tg://resolve?domain=eyoushillingson,1510
Liquidity Dividends Protocol,tg://resolve?domain=dprotocol,1490
Altilly Exchange (Altilly.com),tg://resolve?domain=tilly,1480
PlutoPe Official,tg://resolve?domain=utopeofficial,1460
PAK CRYPT√ò TRADER'S,tg://resolve?domain=pakcryprotraders,1430
Crypto Gem Island,tg://resolve?domain=cryptogemisland,1420
"Rarible Trading (NFT news, drops and promos)",tg://resolve?domain=raribletrading,1420
EM Indicator - The #1 Crypto trading indicator,tg://resolve?domain=emindicator,1420
"HOLDEFI, Decentralized lending platform",tg://resolve?domain=holdefi,1420
ProBit Portuguese,tg://resolve?domain=obitportuguese,1420
Token Tidings,tg://resolve?domain=tokentidings,1410
Crypto News & Signals Channel,tg://resolve?domain=cryptonewsandsingnals,1410
ANONYMOUS TRADERS(PUBLIC C),tg://resolve?domain=anonymoustrader2,1400
CRYPTO/XAUUSD FREE CHAT,tg://resolve?domain=yptopremiumchat,1400
DeWeb,tg://resolve?domain=nonfungible_web,1390
Cryptocurrency Training Group,tg://resolve?domain=infilix_academy,1380
FREE GoldSignals,tg://resolve?domain=goldofficialcontent,1360
Best Crypto Tutor,tg://resolve?domain=bestcryptotutor,1350
Bloom,tg://resolve?domain=oomprotocol,1350
NESTFi Signal English,tg://resolve?domain=nestfisignal,1340
Shillers' Eden,tg://resolve?domain=illerseden,1330
AlphaTradeZone¬Æ Group,tg://resolve?domain=phatradezonegroup,1330
InCoin Eng (crypto news),tg://resolve?domain=incoin_eng,1330
Crypto Scalperz Community,tg://resolve?domain=yptoscalperzcommunity,1310
Private Bitmex Binance Managed Accounts !,tg://resolve?domain=tmexmmbot,1310
DCOne Crypto Announcements,tg://resolve?domain=dconecrypto,1300
Learnoverse Official Group,tg://resolve?domain=arnoverseofficial,1300
NFT Dawn,tg://resolve?domain=nftdawn,1290
DACapitalTrading,tg://resolve?domain=dacapitaltrading,1280
Watchtrend,tg://resolve?domain=watchtrendoriginal,1270
RTCCALLS Ô∏è,tg://resolve?domain=rtccall,1260
Coin Maze Crypto Analysis,tg://resolve?domain=inmazecrypto,1250
Arcaden Official,tg://resolve?domain=cadenofficial,1250
Champs Premium Crypto Signals,tg://resolve?domain=champscryptosignal,1250
Abstratech Token LLCÔ∏èÔ∏è (Official Group),tg://resolve?domain=stratech_token,1240
TeamRazzTafari,tg://resolve?domain=amrazztafari,1240
Monke Token | Community (FIRST TOKEN WITH EXPONENTIAL TOKEN BURNING!!!)üêµüöÄ,tg://resolve?domain=nketokencommunity,1230
Crypto Whales Official,tg://resolve?domain=cryptowhalesreal,1220
Uniswap Bombs,tg://resolve?domain=uniswapbombs,1210
Binance DEX Announcements,tg://resolve?domain=binance_dex_announcement,1210
HezFuture Free Signal ¬Æ,tg://resolve?domain=heztradercryptosignals,1200
DaddyBSC - Listing & News,tg://resolve?domain=daddy_bsc,1200
Thomas Trading Services,tg://resolve?domain=thomastradin,1180
CRYPTOVENGER,tg://resolve?domain=cryptovenger,1170
TecraCoin (TCR),tg://resolve?domain=cracoinio,1170
YetiSwap,tg://resolve?domain=tiswap,1160
MCP Signals,tg://resolve?domain=maxcryptosigna,1150
NFT Golfo,tg://resolve?domain=tgolfo,1140
Shiba Inu News & Updates - Everyday,tg://resolve?domain=shiba_inu_news_and_updates,1140
AquilaXBT ‚Ä¢ Crypto News ‚Ä¢ Airdrops ‚Ä¢ FREE VIP Signals ‚Ä¢ 100x Gems ‚Ä¢ Trading,tg://resolve?domain=aquilacalls_cryptonews_signals,1090
Crypto Pump & Trading Signals Chat,tg://resolve?domain=tsgroup,1090
GameJet Network,tg://resolve?domain=mejetnetwork,1090
Crypto experts signal¬Æ,tg://resolve?domain=crypto_experts_signal,1090
Airdrops - Free Crypto Airdrops - airdrops.ninja & coins-airdrops.com,tg://resolve?domain=airdrops_ninja_services,1080
Binance Killers,tg://resolve?domain=binancekillersfreesignals,1080
JexyCrypto_gawd,tg://resolve?domain=jexycrypto_gawd,1070
TA4Crypto,tg://resolve?domain=ta4crypto,1070
VIP Trading Signal,tg://resolve?domain=exviptradingsignal,1070
Golden Crypto Signals ¬ÆÔ∏è,tg://resolve?domain=goldecryptosignals,1060
Crypto Pump Telegram Channel,tg://resolve?domain=cryptopumptc,1060
Futures Heroes - Chat,tg://resolve?domain=turesheroeschat,1060
PVR Crypto,tg://resolve?domain=pvrcrypto,1060
SIGLINE Public Channel,tg://resolve?domain=gline_public,1030
Welups Official,tg://resolve?domain=welupsofficial,1030
Premium Crypto Signals,tg://resolve?domain=cryptogbcom,1010
/PowerShill,tg://resolve?domain=wershill,980
Cryptrich,tg://resolve?domain=yptrich,979
Zenith Calls,tg://resolve?domain=zenithcalls,943
Minimon Official,tg://resolve?domain=nimon_bsc,942
Crypto Forte,tg://resolve?domain=ypto_forte,937
Bull Hunters,tg://resolve?domain=llshunter,931
Legit Site !,tg://resolve?domain=legit_doubler_invest,929
Skullswap Protocol,tg://resolve?domain=ullswapprotocol1,896
CRYPTO KINGS,tg://resolve?domain=cryptoking0000,866
CRYPTO TRADE TREND,tg://resolve?domain=cryptotradetrend,865
Anonymous Pumps,tg://resolve?domain=anonymous_pumps,863
LockMeta: Latest Crypto News,tg://resolve?domain=lockmeta,860
BitKeep Wallet Philippines,tg://resolve?domain=tkeep_philippines,851
Legit Airdrops‚Ñ¢,tg://resolve?domain=legitairdropsh,850
CERTIFIED UK üá¨üáß INDIA @OFFICIAL CRYPTOMINING SECURED INVESTMENT COMPANY,tg://resolve?domain=officialcryptominingcompamy,849
Verified Crypto Traders ¬Æ,tg://resolve?domain=verifiedcryptotradersusa,836
Market Insights Coinpedia,tg://resolve?domain=coinpediamarket,834
CRYPTO.REVO.LA,tg://resolve?domain=cryptorevola,826
Pancakeswap - Hot crypto gems,tg://resolve?domain=ncakeswaphotgems,810
Mega Pump Signals,tg://resolve?domain=megapumpsignals_real,810
SmartNodes Validator,tg://resolve?domain=artnodesvalidators,809
Unicrypto,tg://resolve?domain=iendsincrypto,801
Global crypto bankers,tg://resolve?domain=globalcryptobankers,799
Roboforex signals,tg://resolve?domain=rbforex,791
LIGHT SHILL,tg://resolve?domain=ghtshill,782
QuipuSwap Trade Talk,tg://resolve?domain=iptalk,778
BitMag _ Crypto News,tg://resolve?domain=bitmagsite,768
Airdrop Buzz,tg://resolve?domain=airdropbuzzchannel,766
Vision - Crypto,tg://resolve?domain=sion_crypto_en,763
CryptoLogic FREE Group,tg://resolve?domain=yptologic_free,763
Blockpass,tg://resolve?domain=ockpass,746
Crypto Yoda,tg://resolve?domain=yodacrypto,746
Trading,tg://resolve?domain=datestradingplatforms,745
BROXUS Chat,tg://resolve?domain=oxus_chat,741
Airdrop Guru (English),tg://resolve?domain=airdropguruenglish,730
Hyper League Announcements,tg://resolve?domain=hyperleagueioann,726
ETH New Tokens Pairs Bot,tg://resolve?domain=ethnewtokens,723
SMART MONEY,tg://resolve?domain=artttmoney,714
TheTrex Trading Channel,tg://resolve?domain=thetrex,703
M1FINANCE‚Ä¢CRYPTO‚Ä¢SERVICE,tg://resolve?domain=cseogroup,699
AMERICAN FX MASTER,tg://resolve?domain=ericanfxmaster,698
ucf channel,tg://resolve?domain=ucfchannel,693
Method crypto millionnaire,tg://resolve?domain=thodcryptomillionnaire,687
‚õ™Ô∏è Margin Token House ‚õ™Ô∏è Great Airdrop ‚õ™Ô∏è Bounty Campaigns ‚õ™Ô∏è Pre-ICO Special Bonus ‚õ™Ô∏è,tg://resolve?domain=rgintoken,667
10 000$ Challenge,tg://resolve?domain=rocketlife,666
OkSmith¬Æ | Best Crypto Signals 96% WIN Rate,tg://resolve?domain=oksmithfutures,665
Smart Trading,tg://resolve?domain=trading_splash,659
"Crypto Central - FREE Signals (10,000% ROE/month)",tg://resolve?domain=aeiocrypto,651
Crypto Airdrop Rewards,tg://resolve?domain=crypto_airdrop_rewards,643
currency/spx fx pro signals,tg://resolve?domain=fxprosignal68,636
Satoshi Panda - Crypto Meme Project - ILO Coming June,tg://resolve?domain=toshipanda,630
Earning Prince BD,tg://resolve?domain=earningprince,622
Earnwell in Futures,tg://resolve?domain=earnwellwithbilal,620
Cryptoverse,tg://resolve?domain=cryptoverse18,618
Airdrop HELPING GROUP,tg://resolve?domain=aimairdropz1,616
Blockchain Simply Explained,tg://resolve?domain=blockchaintechexplained,609
Crypto-Family Chat Room,tg://resolve?domain=ypto_family_chat_room,603
Tech Money BD,tg://resolve?domain=techmoneybd,602
www.YTMastery.io - Come Join Us,tg://resolve?domain=masteryio,600
RTP Crypto Coin Official Group,tg://resolve?domain=pcrypto,600
Coin Analysis,tg://resolve?domain=coin_analysis,598
Dark Eden | OTC Market,tg://resolve?domain=rk_eden_otc,590
by KittySwap.org,tg://resolve?domain=ttyswap2022,589
Bitcoin Profit Coach,tg://resolve?domain=bitcoinprofitcoach,582
EnterCoin and Stinex,tg://resolve?domain=tercoin,580
Smartether101,tg://resolve?domain=oupsmartether101,578
Investors|Gate,tg://resolve?domain=ig_crypto,570
Mazimus_Universe,tg://resolve?domain=mazimus_universe,542
Reizor Music,tg://resolve?domain=izormusic,531
Trader SPY Public Channel,tg://resolve?domain=binancespypublic,531
Athena INS,tg://resolve?domain=henains_official,525
INDODAX - indonisea trading,tg://resolve?domain=indodaxtrades,520
XIII_LOGS | FREE_CLOUD,tg://resolve?domain=xiii_free_logs,520
Crypto For All‚Ñ¢Ô∏è Ô∏è,tg://resolve?domain=cryptoforallpk,519
Quantum Resistant Ledger,tg://resolve?domain=ledgerofficial,519
Boom and Crash signals,tg://resolve?domain=spikem,513
WAGMI Ape Calls,tg://resolve?domain=wagmiapecalls,511
Crypto Bot Investment 120 % | HYIP,tg://resolve?domain=bnbtongame,511
LION‚ÄôS SHARE TRON & THE SYNERGY SQUAD,tg://resolve?domain=lionsharetronsteam,509
SEA,tg://resolve?domain=atokengroup,506
VozlCoin (VOZL) Official Ô∏èGroup,tg://resolve?domain=zlcoingroup,494
L·¥á·¥Ä Ä…¥ T Ä·¥Ä·¥Ö…™…¥…¢ ·¥ò Ä·¥è,tg://resolve?domain=learntradingpro,486
Crypto Infinity Trading,tg://resolve?domain=crypto_infinity_trading,484
RK Crypto Signal,tg://resolve?domain=rkcryptosignal,474
FORZA‚Ñ¢ Community,tg://resolve?domain=rzacoinofficial,474
Dark Indicator,tg://resolve?domain=dark_indicator,470
TradeDog¬Æ,tg://resolve?domain=tradedog,470
Coinstone Crypto Group,tg://resolve?domain=instonecryptoio,462
Crypto Nerds,tg://resolve?domain=cryptonerdschannel,458
session futures liquidation,tg://resolve?domain=sessionliquidationsfutures,452
AIpricepatterns,tg://resolve?domain=aipricepatterns,444
Pundi X Official | USA üá∫üá∏,tg://resolve?domain=ndixusa,443
0xCapital Private Sale Group,tg://resolve?domain=capitalfundinggroup,442
Crypto Predattor(Binance futures and spot signals+binance signals+free crypto signals,tg://resolve?domain=cryptopredattor,440
Crypto bilgileri(Crypto Analysis),tg://resolve?domain=cryptoanalysiscryptobilgileri,438
Infinity‚Äôs Gem Calls,tg://resolve?domain=infinitysgemcalls,434
Legit Doubler Investment Site,tg://resolve?domain=legitdoublershare,433
Click Earners Official,tg://resolve?domain=clickearnersofficial,427
TradingWithStyle‚Ñ¢,tg://resolve?domain=adingwithstyle,421
Grab Inu,tg://resolve?domain=abinuofficial,420
WhalesHeaven.com - Peer to peer custody-free marketplace,tg://resolve?domain=alesheaven,419
AtomicPay,tg://resolve?domain=omicpay,415
MetaInuVerse Official - ( KYC+Audit ) Presale LIVE,tg://resolve?domain=tainuverseglobal,407
007 Signals *Channel*,tg://resolve?domain=oo7signals,403
Futures‚Ñ¢ - Crypto Signals/News,tg://resolve?domain=futures,402
Crypto Profitco,tg://resolve?domain=cryptoprofitco,400
Bounty Shark,tg://resolve?domain=bountyshark,399
CYBERN00B,tg://resolve?domain=metrodev,394
IPrime Capital/PXT Investment,tg://resolve?domain=iprimecapitalpxt,392
CryptoSyno Token - Official Chat for the BSC Cryptocurrency,tg://resolve?domain=yptosyno,390
Pump King Binance Crypto Free Push,tg://resolve?domain=binance_bitcoin_signals_vip,390
Crypto Trading Signals Free!,tg://resolve?domain=bitborgofficial,387
Legit_Airdrops,tg://resolve?domain=legitearning24,383
Moonrock Times | Daily & Breaking Crypto News,tg://resolve?domain=moonrocktimes,381
Crypto Millennials,tg://resolve?domain=cryptomillennials,377
Airdroper,tg://resolve?domain=airdroper9,372
CRYPTO FRIENDS CHANNEL,tg://resolve?domain=crypto_friends_chanel,369
NFT GOLDEN PUNKS,tg://resolve?domain=cryptopromotionsbsc,366
Crypto Dot,tg://resolve?domain=freecryptodotkid,362
Pro GOLD Scalper,tg://resolve?domain=proscalpergolds,361
SHAHTRADES FREE SIGNAL(ADMIN NEVER MSG YOU FIRST ),tg://resolve?domain=shahtrader786,361
TradeWithJAROW Academy,tg://resolve?domain=tradewithjarowacademy,360
Free Airdrops_7,tg://resolve?domain=freeairdrop_7,359
Crypto FastLane Signals (Official),tg://resolve?domain=cryptofastlaneofficial,356
Conceal Network,tg://resolve?domain=concealnetwork,354
$FairLife,tg://resolve?domain=irlifemovement,352
SaphireFinance,tg://resolve?domain=phirefinance,348
Paying Doubler Hyips,tg://resolve?domain=legithyipsrcb,346
Sour Scoop - Fun & News,tg://resolve?domain=sourscoop,344
Crypto Fuente Public,tg://resolve?domain=cryptofuente,342
‚Çøit-Bull‚Ñ¢ Crypto Signals,tg://resolve?domain=bitbullsignals,339
ZK CRYPTOKING,tg://resolve?domain=dhgjv7mucwyzlk,338
Trade In Wallstreet (Forex) ¬Æ,tg://resolve?domain=tradeinwallstreet,333
PayFlow Token | PFT,tg://resolve?domain=yflowtoken,331
88 Crypto News,tg://resolve?domain=cryptonewsmb888,330
Crypto Birds Announcements,tg://resolve?domain=cryptobirdsofficial,329
bitcoin binance crypto english,tg://resolve?domain=tcoin9788,327
It's Future Life,tg://resolve?domain=itsfuturelifeofficial,325
Cryptofuga,tg://resolve?domain=cryptofuga,320
Cmc Fastest Listing Alerts,tg://resolve?domain=cmcfastestalertss,319
Bitcoin Farmers,tg://resolve?domain=cfarmerz,319
GrumpyShiba,tg://resolve?domain=s-grumpyshib,318
PixaTiles,tg://resolve?domain=xatiles,318
CryptoTurtle Airdrops,tg://resolve?domain=cryptoturtleairdrops,317
Crypto Bee - Best Crypto Signals & Setups,tg://resolve?domain=cryptobeeofficial,317
MBM | FUND,tg://resolve?domain=mbmfund,317
MetaSavvy,tg://resolve?domain=metasavvy,316
Binance accurate signal.org,tg://resolve?domain=binanceaccuratesignalorg,315
Worlds best FOREX/CRYPTO indicator,tg://resolve?domain=binary_killer2,313
BitMex Trading,tg://resolve?domain=bmeex,312
T.C Blockchain News & Airdrops,tg://resolve?domain=teamcore,309
Bitcoin Crypto Wealth Cryptography,tg://resolve?domain=bitcoin6788,308
CyberWay_En,tg://resolve?domain=berway_en,302
Vaultoro Crypto and Gold VIP alerts,tg://resolve?domain=vaultorovip,299
Airdrop info,tg://resolve?domain=airdropinfo412,298
Crypto Prediction/Signals,tg://resolve?domain=cryptopredictionsignals,294
WOOTRADE Community,tg://resolve?domain=otrade,293
Phyra,tg://resolve?domain=yragpt,290
CRYPTO CURRENCY INDIA üáÆüá≥,tg://resolve?domain=yptocurrencyairdropsss,289
Winstar Forex Trading,tg://resolve?domain=winstarforextrading,284
PaymentCoin (POD),tg://resolve?domain=dbitcoin,283
FUTURENODE INT LTD.,tg://resolve?domain=turenode2019,283
DEXEOS.io,tg://resolve?domain=xeos_io,282
Crypto Doni üöÄ,tg://resolve?domain=cryptod0ni,274
alvaro OAKMAN_ism_FREE,tg://resolve?domain=alvaro_oakman,273
WhalesTrades.FREE,tg://resolve?domain=whalestrades,269
Crypto Moon Shots,tg://resolve?domain=yptom00nshots,259
Biteris Bitcoin Market,tg://resolve?domain=terismarket,257
Mizo Crypto Lover News,tg://resolve?domain=soskemizo,254
Binance Billionaires ü™ô,tg://resolve?domain=binance_free_trades,253
Corphics Crypto,tg://resolve?domain=corphics,252
CryptoOffersü§ëü§ëü§ëü§ë,tg://resolve?domain=yptooffers,250
Next Life In This Life(non religious) -everyone can have total freedom! join to learn,tg://resolve?domain=nextdreamlife,240
Crypto English,tg://resolve?domain=yvmjmfbok0ywy1,238
Mobile crypto mining community,tg://resolve?domain=bileminingcommunity,237
CryptoFluxe,tg://resolve?domain=yptofluxetalk,233
AYFP Cryptocurrency Investors ‚Ñ¢,tg://resolve?domain=ayfpcryptocurrencyinvestors,231
FORSAGE OFFICIAL TEAMS,tg://resolve?domain=rsageteamup,227
ùóõùïñùï£ùïìùïöùïßùï†ùï£ùïñùïãùï£ùïíùïïùïöùïüùïò‚Ñ¢,tg://resolve?domain=herbivoretrading,226
Battle Steed AI Official,tg://resolve?domain=battlesteeda,225
BitcoinWide,tg://resolve?domain=bitcoinwide,225
Xit Binary Options‚Ñ¢,tg://resolve?domain=xitbinaryoptions,224
ELESARO($Elf Coin) COMMUNITY,tg://resolve?domain=esarocorp,224
WeYouMe Community,tg://resolve?domain=youmenetwork,223
bitoftrade_official,tg://resolve?domain=toftrade_official,222
Hni Expert Algo,tg://resolve?domain=ger30scalper,221
Crypto Paradise,tg://resolve?domain=paradiseofcrypto,220
SOL100,tg://resolve?domain=l100token,219
BocasDAO,tg://resolve?domain=casdao,218
Chiyoo_Network,tg://resolve?domain=chiyoonetwork,218
Valarhashx1TMine Official Group,tg://resolve?domain=larhashx1tmine_bitcoin,215
Habbo NFT,tg://resolve?domain=habbo_nft,214
Capital X official support,tg://resolve?domain=pitalxlivesupport,214
SmartCrypto - signals master,tg://resolve?domain=cryptosignalsws,213
RefToken,tg://resolve?domain=ftoken,212
FOREX TRADING AND CRYPTOCURRENCY,tg://resolve?domain=forex_cryptocurrency_trading001,211
Binance Future Hunters,tg://resolve?domain=crypto_news_and_new_crypto_token,209
Crypto and Online Investments,tg://resolve?domain=earnpassiveincome,206
Crypto Pump Signals 100x,tg://resolve?domain=cryptoglobalpump,205
All Crypto Signals Club,tg://resolve?domain=allcryptosignalsclub,202
Bitcoin investment Hub,tg://resolve?domain=tcoinroihub,202
Trading WiZarD,tg://resolve?domain=tradwizs,199
Crypto mining,tg://resolve?domain=yptosars,199
Inu Monster,tg://resolve?domain=u_monster,197
Best Forex Order Block Entry,tg://resolve?domain=fxvillapro,197
ONLY GEMs,tg://resolve?domain=cryptoonlygems,194
MoonFactor,tg://resolve?domain=onfactor,193
Link Share place,tg://resolve?domain=nkshareplace,193
Autoxify Team Smartü§ì,tg://resolve?domain=emsmart,192
Whales Crypto Signals,tg://resolve?domain=whalecryptosignals1,191
Airdrop World,tg://resolve?domain=airdropevents,190
CHAT - CRYPTO AIRDROP COMMUNITY,tg://resolve?domain=line_earn_help_24h,189
Exatoshi,tg://resolve?domain=exatoshi_com,189
Crypto News,tg://resolve?domain=timeoftrade_news,186
Legit Bot Provider,tg://resolve?domain=legits_bot_provider,186
Proactive,tg://resolve?domain=proactiveinvestorsgroup,184
REV BINARY OPTIONS,tg://resolve?domain=iceactionpure,183
Crypto Pharma Trade Keytruda Opdivo Altuzan Yervoy Xtandi,tg://resolve?domain=cryptopharmatrade,182
Crypto Signal Pumps,tg://resolve?domain=kucoin_fair_pumps,180
Crypto Ultimate Trading,tg://resolve?domain=crypto_pump_coin,180
ZooBC Public Discussion Group,tg://resolve?domain=oblockchain,180
Rhino Wings Signals,tg://resolve?domain=rhinowings,179
Forex Trading - RichDadph,tg://resolve?domain=richdadph,178
PRiMEiNU. The next token to explode!,tg://resolve?domain=imeinutoken,175
Millionaire Lifestyle Token | Eth,tg://resolve?domain=llionairelt,172
Crypto Corner Club - Crypto Chatroom,tg://resolve?domain=yptocornerclub,172
Traderherz Analytics,tg://resolve?domain=aderherzanalytics,172
Godzilla Calls,tg://resolve?domain=godzillacalls,171
FUTURE ADVISOR COMPANY ‚Äç ‚Äç ‚Äç,tg://resolve?domain=futureadvisorcompany,171
Mazim Crypto Academy channel,tg://resolve?domain=mazimcrypto,168
Whale Watching,tg://resolve?domain=whalewatchunlimited,167
ShibaChi Token Chat,tg://resolve?domain=ibachitokencommunity,165
Crypto pro hub,tg://resolve?domain=cryptoprohub,164
AirdropKUN,tg://resolve?domain=airdropkunid,163
Vip crypto killer¬Æ,tg://resolve?domain=cryptokillerfree,162
Swapin Official Chat,tg://resolve?domain=apinofficial,159
Best Crypto Pump Signals Community,tg://resolve?domain=crypto_pump_best,159
Tech Money Support,tg://resolve?domain=chmoneysupport,158
AirDropFX,tg://resolve?domain=airdrop_fx1,157
ShareRing Snippets,tg://resolve?domain=shareringsnippets,156
$JPORK - John Pork Coin Official,tg://resolve?domain=orkcoin,155
MONEY MAKER¬ÆÔ∏è,tg://resolve?domain=moneymakerlatest,155
Free crypto signal,tg://resolve?domain=freecryptio,155
The Lotus Community,tg://resolve?domain=elotusprotocol,154
Sprint Official,tg://resolve?domain=rintchat,154
SwiftMetaTrade,tg://resolve?domain=iftmetatrade,153
Airdrop King,tg://resolve?domain=airdropking068,152
Crypto Zone,tg://resolve?domain=yptozone3,151
BLSX Lithium Coin Chat,tg://resolve?domain=sxchat,150
Cryptocurrency NEWS,tg://resolve?domain=cryptocurrencybitcoin_news,147
Hire Lumberjack | Discussions,tg://resolve?domain=relumberjack,147
Safereum - Your safety provider!,tg://resolve?domain=fereumglobal,145
Green Walrus,tg://resolve?domain=green_walrus,143
Real Airdrops,tg://resolve?domain=airdrops_realy,143
Pump Signal,tg://resolve?domain=pump_signal12,141
BINANCE SIGNALS VIP üëë (PLATINUM),tg://resolve?domain=binancesignalsvipplatinum,140
ENDOTECH D.AI.SY WORLDWIDE ORIGINAL SUPPORTIVE TEAM,tg://resolve?domain=isytotheworld,140
QPay Global,tg://resolve?domain=ayglobal,139
Whale Monster | Daily Crypto Signal,tg://resolve?domain=whalemonster,137
Forsage.io,tg://resolve?domain=rsageeuropen,137
Crypto Sniper,tg://resolve?domain=cryptosrss,136
Trading for winners,tg://resolve?domain=adingforwinners,136
DeReal Official Channel,tg://resolve?domain=derealdrp,135
Green Energy Support Token,tg://resolve?domain=eenergytokengroup,134
Free Money Tips,tg://resolve?domain=freeemoneytips,134
Group chat best Bitcoin Investorbitcoin00,tg://resolve?domain=stbitcoininvestor00,134
Online free bitcoin,tg://resolve?domain=amindz66,133
DR.trade ‚Äç Ô∏èü©∫,tg://resolve?domain=therealdoctortrade,131
Crypto Signals Malang Baba,tg://resolve?domain=cryptosignalmalangbaba,131
Cryptonic,tg://resolve?domain=insane13,130
Crypto Sea & Cryptocurrencies ¬´News¬ª,tg://resolve?domain=crypto_sea_news,129
Tiger Calls,tg://resolve?domain=tiger_calls777,129
Kingdom Of Crypto Leaks,tg://resolve?domain=kingdomcryptoleaks,126
ONGOING AND UPCOMING GENUINE SMART CONTRACTS,tg://resolve?domain=allsmartcontract,125
JAZZI International trading CORP,tg://resolve?domain=jazzi01,124
Crypto News Magazine,tg://resolve?domain=crypto_magazine_tg,123
CryptoPays‚Ñ¢,tg://resolve?domain=yptopaysjoin,123
BROXUS NEWS,tg://resolve?domain=broxus_info,123
Crypto News and Research (Research Platform),tg://resolve?domain=cryptonews_research,122
KN Signal Free Service,tg://resolve?domain=knsignalservice,121
Kat's Crypto Peepshow,tg://resolve?domain=katscryptopeepshow,121
Crypto Profit,tg://resolve?domain=crypto_pr0fit,120
Rebel Society Official Chat Group,tg://resolve?domain=belsocietygroup,120
Crypto Global Signals,tg://resolve?domain=cryptoglobalsignalz,119
The Cripto Advisor | Free Calls,tg://resolve?domain=thecriptoadvisor,118
AIRDROPS PLUS,tg://resolve?domain=paymentproofchannel_1,118
Mini Jet Plane,tg://resolve?domain=minijetplane,117
( CRYPTO WORLD ) Transglobintrade¬Æ,tg://resolve?domain=transglobintraders,116
BHEX Official,tg://resolve?domain=ex_en,114
Crypto Experts,tg://resolve?domain=binanceexchange_0,113
Binancemastermind (futures signals),tg://resolve?domain=binancemastermind,112
Bonanza Kreep Chat,tg://resolve?domain=nanzakreep_live,112
Crypto Signals and Pumps,tg://resolve?domain=cryptosigpu,111
CRYPTO TOKEN TEAM,tg://resolve?domain=cryptotokenpumptomoon,111
CryptoCurrency Airdrops,tg://resolve?domain=latestcryptocurrencyairdrops96,110
Brake_Money_Vip_Privat_Binance_Box_Money,tg://resolve?domain=brakemoon,109
$BTC daily,tg://resolve?domain=bitcoin_day,107
ECO-TRUST INVESTMENT,tg://resolve?domain=otrust7,107
Crypto Airdrop98,tg://resolve?domain=cryptoairdrop98,107
VIP GOLD TRADERS,tg://resolve?domain=pgoldtraders,107
Cute Trade Group,tg://resolve?domain=tetradegroup,107
HIGH RATE CRYPTOCURRENCY,tg://resolve?domain=ghratecryptocurrency,106
Binbucks Token (BINB),tg://resolve?domain=nbuckstoken,105
Millioner Signal,tg://resolve?domain=millionersignal,104
CRYPTO & BINARY OPTION,tg://resolve?domain=cryptolifeinvestment,104
AirDrop Real,tg://resolve?domain=airdropreal90,104
Crystal Futures,tg://resolve?domain=crystalfutures,103
CRYPTO BISON,tg://resolve?domain=cryptobisontoday,103
BitcoinTrendUpdate ‚¨ÜÔ∏è/‚¨áÔ∏è,tg://resolve?domain=bitcointrendupdate,102
Legit Airdrop (Earn Money$),tg://resolve?domain=legitairdropem,102
Airdrop earners discussion,tg://resolve?domain=rdropearners786,101
BITCOIN MINING AND TRADING,tg://resolve?domain=cryptotrade_mini,101
PiNetwork,tg://resolve?domain=pinetworkhongkong,100
NFT market place,tg://resolve?domain=marketyournft,99
KGtrx,tg://resolve?domain=kgtrxincome,97
Octopus Analysis,tg://resolve?domain=octopusanalysis,96
Binance future free signals,tg://resolve?domain=redvip0,96
EcoChain for Everyone,tg://resolve?domain=ochainforeveryone,96
Rebel Official Announcements,tg://resolve?domain=rebelstation,95
FCFT Unofficial 5,tg://resolve?domain=ft5,95
The Zyzz Lounge,tg://resolve?domain=zzlounge,93
Crypto NFT & metaverse,tg://resolve?domain=metaverse_daily,92
‚Äç Ô∏è Airdrop Inspector,tg://resolve?domain=airdropinspectorking,91
Genuine Airdrops,tg://resolve?domain=gnairdrops,91
trade_GO,tg://resolve?domain=trade_go,90
Cryptoleaks SIGNAL,tg://resolve?domain=cryptoleakssignal,89
ùêïùêàùêè ùêÜùêéùêãùêÉ ùêíùêàùêÜùêçùêÄùêãùêí,tg://resolve?domain=uusdmaster7,88
CRYPTO_ALGO¬Æ (Free signal),tg://resolve?domain=marginwhals,88
MangManagment,tg://resolve?domain=crypt0maneging,88
Top VIP Crypto Signal,tg://resolve?domain=topvipcryptosignal,87
NFT news,tg://resolve?domain=nft_feed,85
Alchemy Assets ¬Æ,tg://resolve?domain=alchemyassets,84
all-names¬Æ - nft artist,tg://resolve?domain=all_names_r,84
Crypto Media Channel,tg://resolve?domain=cryptomediaann,84
Binance Free Future Signals Ô∏è,tg://resolve?domain=vipfuturesignalkhan,83
LAZY BLUES FX,tg://resolve?domain=lazyblue_forex,82
Apolycapse community,tg://resolve?domain=olycapsegame,82
CoinSeeker.cc,tg://resolve?domain=inseekerofficial,82
IDFOREX SIGNALS ¬Æ,tg://resolve?domain=forexgdp_mv,82
Solana News,tg://resolve?domain=topsolananews,81
NFT News,tg://resolve?domain=nftcollectionsnews,81
POWER OF BINARY,tg://resolve?domain=powerofbinary_olymptrade,81
Eagle Blockchain Community ü¶Ö,tg://resolve?domain=eeaglecommunity,81
Crypto For Sure ‚Ä¢·µÉ·µà·µê‚Å±‚Åø  ∑‚Å±À°À° ‚Åø·µí·µó ·µà·µê‚Ä¢,tg://resolve?domain=yptoforsures,80
Crypto gems,tg://resolve?domain=crypto_daily_gems,79
Crypto today,tg://resolve?domain=crypto_nws,79
NFT gems,tg://resolve?domain=nft_is_art,78
Octopus News,tg://resolve?domain=octopusanalysisnews,77
ELITE MARKETS PRO,tg://resolve?domain=itemarketspro,77
GearEco Offical,tg://resolve?domain=areco,76
Grant cardone_10x (Bitcoin mining),tg://resolve?domain=grantcardone_10x_fx,76
Crypto Hunter,tg://resolve?domain=the_cryptohunter,76
Curated Crypto News,tg://resolve?domain=curatedcryptonews,76
The Binary Trade,tg://resolve?domain=thebinarytrade100,75
Swift Union - Free Airdrop Live,tg://resolve?domain=iftunionorg,75
Airdrop earners,tg://resolve?domain=airdropearners787,73
Make Cash Online [Promos + Airdrops],tg://resolve?domain=make_cash_worldwide,73
Bitcoin News,tg://resolve?domain=latestbitcoinnews,73
AirDrops By PW,tg://resolve?domain=airdropbypw,73
save the Reef coin (Sreef),tg://resolve?domain=vethereefcoin,73
CRYPTO SEVEN,tg://resolve?domain=yptoseven73,73
MetaBlox Official Announcement,tg://resolve?domain=jointometabloxofficial,72
TradingBull official,tg://resolve?domain=adingbull_da,72
Ascella,tg://resolve?domain=ascellafree,71
Crypto Coach by CTCS24,tg://resolve?domain=ctcs24,71
Orlando Crypto,tg://resolve?domain=lando_crypto,70
Airdrop Heist,tg://resolve?domain=airdropheist,68
Crypto Miner Temple,tg://resolve?domain=cryptominertemplechannel,67
Apexcoinlimitedcompany,tg://resolve?domain=coinspringtradelimitedcompany,67
HK Signals,tg://resolve?domain=hkbinancesignals,66
Bitcoin Ethereum Crypto guide,tg://resolve?domain=bitcoin67888,65
North Crypto Team,tg://resolve?domain=northcryptoteam1,63
Cardano News,tg://resolve?domain=onlycardano,63
TD eritrade Fx,tg://resolve?domain=ameritrade_fx,63
PRO FREE SIGNALS,tg://resolve?domain=mrpro1000,63
Palms of Crypto Chat,tg://resolve?domain=lms_chat,62
Tomy Crypto Signals,tg://resolve?domain=bestaltsignals,62
TheCryptoCurator,tg://resolve?domain=cryptocurator2020,62
Millionaire Strategy,tg://resolve?domain=dailyprofittraget,61
CRYPTOBAY Futures,tg://resolve?domain=cryptobayfutures,60
Crypto Trader,tg://resolve?domain=cryptoxtrader,60
Tron Cloud mining Airdrop,tg://resolve?domain=troncloud_mining_xyz,59
Polkadot News,tg://resolve?domain=latestpolkadot,59
Bitcoin Trading,tg://resolve?domain=kings_of_bitcoins,58
BSCLaunch Zone,tg://resolve?domain=bsclaunchzone,58
Crypto Currency Trade Limited ( CCT ),tg://resolve?domain=tlimited,58
Humans.net,tg://resolve?domain=mans_net,58
"Crypto News Bitcoin, Ethereum, NFTs, & DeFi, Signals.",tg://resolve?domain=signals_news_crypto,57
AirdropBombs,tg://resolve?domain=airdropbombs,57
Shiba News,tg://resolve?domain=shibacoinnews,56
Crypto247 Alerts Ô∏è,tg://resolve?domain=crypto247alert,56
Present Finance,tg://resolve?domain=presentfinance,54
RoyalQ BINANCE API,tg://resolve?domain=royalqbinanceapi,54
PRO SCALP TRADING,tg://resolve?domain=proscalptrading4profit,54
Crypto Pump & Trading Signals,tg://resolve?domain=cryptopumptradingsignals,53
ROYAL KING TOKEN,tg://resolve?domain=yalkingtoken,53
Crypto freedom,tg://resolve?domain=cryptofreedomhome,53
Meta News,tg://resolve?domain=latestmetanews,52
BULMEX GLOBAL TEAM,tg://resolve?domain=bulmextopglobalteam,52
Legit Earning Sites,tg://resolve?domain=legitearningtricks,52
Dk_trading,tg://resolve?domain=_trading786,51
"TRADEBULL SIGNALS (Crypto/Forex Trading Signals, Crypto Investment, Binary, Staking, Mining, Defi, NFT)",tg://resolve?domain=tradebullsignals,51
UnityFund ($UNITY) Token,tg://resolve?domain=ityfundhq,51
Binance Killers VIP Free @UCLeaks,tg://resolve?domain=binancekillersuc_leaks,50
Cloud BTC mining,tg://resolve?domain=bitcoinminer890,50
Droparise [ MMORPG | NFT ],tg://resolve?domain=oparise,50
BITCOIN TRADE PLATFORM,tg://resolve?domain=creditcardbtcdeals,50
The Bird Nest,tg://resolve?domain=rbnest,49
EIFI Promo [Announcements],tg://resolve?domain=eifi_official_promo,48
Binance Signal Coach Ô∏è,tg://resolve?domain=binancesignalcoach,48
Maxtrade,tg://resolve?domain=xtrade321,47
Airdrop Network / Top Network Airdrop,tg://resolve?domain=inthisairdrop,47
DeFi Projects,tg://resolve?domain=fiprojectz,46
Legit bot and website,tg://resolve?domain=legitbotpayingg,46
Freecryptoworld,tg://resolve?domain=benjasfreecryptoworld,46
BITCOIN AIRDROP OFFERS,tg://resolve?domain=bitoffers,46
Applied Crypto | Adoption-related Crypto News,tg://resolve?domain=appliedcrypto,45
ICO-TRADE,tg://resolve?domain=icobitinvest,45
Everythingcrypto,tg://resolve?domain=everythingincrypto,45
Crypto Commander - Crypto Signals - 1K to 1M Challenge $$$$,tg://resolve?domain=cryptosignalscc,44
AirdropUnion,tg://resolve?domain=yptoc_urrency,44
Fat Pig VIP Free BY @UCLeaks,tg://resolve?domain=fatpig_ucleaks,42
Narcotics feedbacks,tg://resolve?domain=rcofeedbacks,42
Airdrop GO,tg://resolve?domain=airdropgo3,41
·¥Ä…™ Ä·¥Ö Ä·¥è·¥ò ( ),tg://resolve?domain=the_rich_airdrops,41
King Trader (Crypto),tg://resolve?domain=kingtradercrypto,40
Altcoins Signals SB,tg://resolve?domain=altcoinsnglssbinan,40
UnionTron Official Group,tg://resolve?domain=iontrongroup,39
Earn Bc any way,tg://resolve?domain=earnbcanyway,39
Riot Futures Signals¬Æ,tg://resolve?domain=riotfutures,38
Airdrop Catalog,tg://resolve?domain=airdropcatalog,38
#@¬¢|<¬£¬Æ$‚Ñ¢ Airdrop,tg://resolve?domain=hackersairdrop,38
Airdrop Master,tg://resolve?domain=airdropx_zone2,38
Ultimate BTC Cruise,tg://resolve?domain=bitcoincruise,38
BITCOIN MINING HOOD,tg://resolve?domain=bitcoinmininghood,38
DeFi Discussion,tg://resolve?domain=fi_crypto_dis,37
Open Opulence | OpenX,tg://resolve?domain=openopulence,36
UpOnly¬© Crypto | Free Trial Available,tg://resolve?domain=uponlygroup,36
HOURGLASS (WAIT),tg://resolve?domain=urglasswait,35
FIRST_CLASS FOREX SIGNALS,tg://resolve?domain=first_classforexsignals,35
Asharab trader,tg://resolve?domain=asharabtrader,34
SafeBTC Official Chat,tg://resolve?domain=febtcoriginal,34
War Goat Signals,tg://resolve?domain=zbitcoinz,33
Woro Signals,tg://resolve?domain=worosignals,33
Crypto Booster Premium,tg://resolve?domain=cryptoboosterpremium,33
CryptoTipsNews,tg://resolve?domain=cryptotipsnews,32
The Altcoin Hub chat,tg://resolve?domain=e_altcoinhub,31
Blocktick - Daily Crypto News,tg://resolve?domain=blocktick,31
TAB Investment Free Calls,tg://resolve?domain=tab1investment,31
GLOBAL BITCOIN MINING,tg://resolve?domain=tcoinmining214,31
Crypto Traders Central,tg://resolve?domain=cryptotradercentral,31
bitcoin crypto news,tg://resolve?domain=bitcoin5688,30
international // Rostex.Global,tg://resolve?domain=ternationalr0stexglobal,30
Winning Crypto Signals (Free Group),tg://resolve?domain=nningcryptosignals,30
CryptoNewsCaster,tg://resolve?domain=cryptonewscasters,28
CRYPTO PUMP SIGNALS,tg://resolve?domain=cryptopumpsignals69,28
Asia Crypto Pump,tg://resolve?domain=puropump,28
Tron all legit_bot original,tg://resolve?domain=tron_bot_all_apdate,28
Crypto Trades,tg://resolve?domain=cryptotrades003,27
Secret Alpha Land,tg://resolve?domain=secretalphaland,27
Free income,tg://resolve?domain=nithcoinbase,27
BITCOIN TRADING PLATFORM,tg://resolve?domain=lisamureyfxtrading,26
Option Traders (NIFTY&BNF) ü§©ü§©ü•≥FREE,tg://resolve?domain=optiontraders1689,26
BinaryTradingSignalsFree,tg://resolve?domain=binarytradingsignalsfree,25
Make money onlineü§ë,tg://resolve?domain=rerttf,25
OffRubel,tg://resolve?domain=offrubel,24
Btcjack bitcoin promotions,tg://resolve?domain=btcjackpromo,24
SnazzyCryptoWorld,tg://resolve?domain=snazzycryptoworld,24
Crypto Traders‚Ñ¢,tg://resolve?domain=crypto_tradersss,24
NFT & Crypto news,tg://resolve?domain=nftnewsdailyy,23
Crypto sweep,tg://resolve?domain=cryptosweep,23
Plums of Crypto,tg://resolve?domain=palms_crypto,22
DeFi World,tg://resolve?domain=defi_crypto_world,22
NFT UK,tg://resolve?domain=nftuk,22
The Altcoin Hub,tg://resolve?domain=thealtcoin_hub,21
Cryptocurrency World Earn (100x),tg://resolve?domain=subscription0,21
Crypto Coin Tips,tg://resolve?domain=cryptocointipsofficial,21
Signals Bitcoin Viola,tg://resolve?domain=signalsbitcoinviola,21
CryptoMaster,tg://resolve?domain=cryptomaster_ch,21
Magic Stellar,tg://resolve?domain=magicstellarteam,20
Crypto investment üá≥üá¨üá¨üáßüá´üá∑,tg://resolve?domain=yptocurrency550,20
Trusted Airdroped,tg://resolve?domain=trustedairdroped,20
Crypto Binary Empire,tg://resolve?domain=expresspaylmt,19
Crypto Miner's (üü¢),tg://resolve?domain=cryptominingofficialchannel,19
Lionshare smart contract team success,tg://resolve?domain=onshareteamsuccess,19
Forexcrypto Trading,tg://resolve?domain=forexcryptotrading1,19
Fed Russian VIP Free @UCLeaks,tg://resolve?domain=fedrussian_ucleaks,18
Bitcoin Bullets VIP Free @UCLeaks,tg://resolve?domain=bitcoinbullets_ucleaks,18
Vista‚Ä¢Sonix Official CryptoSignals,tg://resolve?domain=vistasonixofficial,18
Soltato NFT,tg://resolve?domain=ltato,18
INVEST BOX,tg://resolve?domain=lnvest_box,18
https://crypto-mining.biz/?ref=zitoplus,tg://resolve?domain=yptominingbizofficial,17
MILLIONAIRES WALLETS,tg://resolve?domain=millionaireswallets,16
Filmmaker_Star_Production,tg://resolve?domain=filmmaker_production,16
AirDrop News,tg://resolve?domain=airdrop_crypto_news,16
Binance Futures sniper,tg://resolve?domain=binancefuturessniper,15
Coinmarketcap and Airdrop Updates,tg://resolve?domain=coinmarketcap_ann,15
Headlines Crypto,tg://resolve?domain=headlinescrypto,15
Airdrops & Bounties,tg://resolve?domain=airdrops_by_srvirus,15
Fxxtool 1.4.0 Software,tg://resolve?domain=fxx69,15
Ô∏èVerified airdrop,tg://resolve?domain=verified_airdrops21,14
Excelinvestio,tg://resolve?domain=inchamd,14
CoinDCX pro community,tg://resolve?domain=coindcx32,12
STUDENT COIN,tg://resolve?domain=s-studentcoin_stc,12
AIRDROP BOT UP ‡ºÑ,tg://resolve?domain=airdropupdaterg,12
FOREX AND CRYPTOCURRENCY TRADING,tg://resolve?domain=fxbinary_bitcoin,12
BONUS 100$ OFFERT : Investissements en bourse,tg://resolve?domain=bonus100dollarsoffert,12
CrazyTrade ¬Æ,tg://resolve?domain=crazytradezone,10
